Cindi;;Wellings;Cardinal;7085;;7514 AB;Enschede;1;cindi.wellings@fake.windesheim.nl;89LrhcTr;Ja;2
Rebekkah;le;Chanson;Kerkstraat;3;;1354 CD;Almere Haven;1;rebekkah.chanson@fake.windesheim.nl;mszbAQuw;Nee;2
Shelli;;Baumert;Forest Run;3;;6224 ED;Maastricht;1;shelli.baumert@fake.windesheim.nl;73GxLtAj;Ja;2
Ayn;;Jollye;Superior;25;b;7514 AG;Enschede;1;ayn.jollye@fake.windesheim.nl;pux8DHQc;Nee;2
Rodrigo;;Kobelt;Bashford;673;;1170 GH;Bruxelles;2;rodrigo.kobelt@fake.windesheim.nl;55KvETMn;Ja;2
Glenden;;Tellenbroker;Reinke;0;;7536 AS;Tournai;2;glenden.tellenbroker@fake.windesheim.nl;tJKp5njS;Nee;2
Bellanca;;Kenshole;Arrowood;25;;4874 CC;Etten-Leur;1;bellanca.kenshole@fake.windesheim.nl;bLfPRAxW;Nee;2
Lexine;;Follows;Fremont;2;;1209 EA;Hilversum;1;lexine.follows@fake.windesheim.nl;HfJTecTv;Ja;2
Rachael;;Harroway;Birchwood;891;;6042 KB;Charleroi;2;rachael.harroway@fake.windesheim.nl;f85z83Bf;Nee;2
Gavra;;Beeson;Iowa;83;;3009 DF;Rotterdam postbusnummers;1;gavra.beeson@fake.windesheim.nl;zNKaW3mk;Ja;2
Robinson;;Baude;Shopko;34;;8229 AS;Lelystad;1;robinson.baude@fake.windesheim.nl;6BqfFzKh;Ja;2
Marcile;;Coats;Blue Bill Park;89;;2334 HA;Leiden;1;marcile.coats@fake.windesheim.nl;SUDeJAmu;Nee;2
Merrili;;Hassard;Chive;2796;;2019 EA;Haarlem;1;merrili.hassard@fake.windesheim.nl;6kb7FYTT;Ja;2
Huntington;;Antonomoli;Independence;5;;3104 BB;Schiedam;1;huntington.antonomoli@fake.windesheim.nl;PmmAYu86;Ja;2
Annemarie;;Ducaen;Lukken;557;;5914 DA;Venlo;1;annemarie.ducaen@fake.windesheim.nl;vxcu3pQJ;Nee;2
Frederigo;;Kellard;Nelson;6;2h;6709 FE;Wageningen;1;frederigo.kellard@fake.windesheim.nl;3gwMKJDN;Ja;2
Keefer;;Stygall;Stygall;5;;9674 CB;Winschoten;1;keefer.stygall@fake.windesheim.nl;Q4cXy6AN;Ja;2
Amandi;;Megarrell;Summerview;38;;2624 DD;Delft;1;amandi.megarrell@fake.windesheim.nl;VvjQKhtP;Nee;2
Shane;;Duffett;Bultman;4;;7004 AC;Doetinchem;1;shane.duffett@fake.windesheim.nl;xrgPBCAe;Ja;2
Gifford;van;Lindstedt;Roth;292;;3324 CH;Dordrecht;1;gifford.lindstedt@fake.windesheim.nl;mwbqNyfc;Nee;2
Kipper;;Soares;Oakridge;1;hs;7554 AL;Hengelo;1;kipper.soares@fake.windesheim.nl;FUjQhQN5;Nee;2
Tillie;;Skeen;Old Shore;2;;6464 FA;Kerkrade;1;tillie.skeen@fake.windesheim.nl;dtKzSHvY;Nee;2
Drugi;;Wear;Northfield;3;;5914 AJ;Venlo;1;drugi.wear@fake.windesheim.nl;JyTcYc6X;Ja;2
Gherardo;;Sorton;Corry;119;;9730 DB;Groningen;1;gherardo.sorton@fake.windesheim.nl;TKBgnrd8;Nee;2
Ozzy;de;Bonnick;Del Mar;1;;2170 SA;Antwerpen;2;ozzy.bonnick@fake.windesheim.nl;AURcnThz;Ja;2
